user_id;title;description;calories;image_url;day_of_week
1;чай;описаниене и способ;200;;3
;суп;щи, борщ, уха;;;
;листовой салат;мясо;;;
1;утренний салат;2а яйца, огурец, томат, лист салата, кунжут. ;;;1
1;Голенькурицы и тыква;маринуем 10-15 мсинут в горчице, соль-перец повкусу, в духовке 200грудуосв на 30мин. На гарнир тыква: порезав на кубики, на тапоеном масле немного карицы, постоянно помешивая. Потомм добавить воды и 10 минут доготовить на медленном огне;;;
1;салат с тунцом;огурец, салат/капуста, кукуруза, тунец в собственном соку, 2 яйца в смятку. Соус: егурт без сахара и ложка горчицы;;;
1;катлеты;капуса(нарезать мелок), морковка, куринный фарш. Все в блендере перемешиваю. Пару яиц. На капле масла обжариваем на медленном огде под крышкой по 3и минуты с каждой стороны;;;
1;бедра курицы с броколли;Бедра: соли-перчим, заливаем кипфятком и на 20минут с закрытой крышкйо на среднем огне. Брокооли: разбираем на соцветия и заливаем кипятком 10-15 минут. Под закрытой крышкой;;;
1;яйца и яблоки;яйца в смятку, салат айсберг, зелень по вкусу, зеленое яблоко без кожуры, специи, соль;;;
;; ;;;
